x1,x2,y
0.889890517674807,-12.590222078321473,0
-4.339541662855642,6.282931601703998,0
-6.485374641133577,5.251433515387224,0
-1.7893549173099106,-12.226620042572739,0
15.755359198374544,-0.9505833754920469,0
-5.727980789580303,5.011985305609868,0
14.474693676026575,-4.24233485816663,0
14.408752035271933,-4.701220605344545,0
-4.458545731013471,5.956615049183135,0
-3.7515564182156824,6.053757601157973,0
-9.470778976116087,-0.6065948665981746,0
2.5554500591616867,-12.787144029480002,0
10.692401066071435,-9.364274865863326,0
-6.445496849391548,-9.113970678565003,0
-2.370399945822441,-12.060651970760011,0
-7.041936089402799,4.241705910531445,0
0.9234794017391583,-12.752556120744519,0
11.847886569327617,-8.531739343016364,0
2.8307021936832033,3.6606278697174766,0
4.741463354269228,-12.555968235029116,0
2.003545617728832,-12.615363228769983,0
11.892406492245359,-8.056157309852722,0
-8.958168901432655,0.7151403118887337,0
-6.773315561307946,-9.20175934119485,0
0.2937771676058517,6.115971446870714,0
5.315021582629181,-12.453783114845939,0
-3.467014585479858,-12.1057663770496,0
8.39108497342578,-11.348596731235153,0
-9.380651472934614,-4.573032467368932,0
-4.713904194021,6.191613182268654,0
0.09793851216973054,-12.212052764003392,0
-9.592934592747945,-0.8107490449205303,0
15.540300056160834,-0.15019092858228958,0
9.800521259263133,-9.769315223022476,0
3.277810029284288,3.8276302312861326,0
-9.90906272984886,-3.015794075504393,0
-8.8122735382893,1.9791380110339905,0
-4.054416613475493,-10.995022172217126,0
11.716258351343546,-8.253321276081074,0
14.28340408529188,-4.572944310838629,0
14.837649575977274,-3.6185080639690987,0
-2.43642298869128,-12.148785179116047,0
-9.187755441134705,-2.9351702656465335,0
1.0092017522629693,-12.781331474826379,0
15.396665561299377,-1.7426995470732696,0
-8.019754843423437,-7.55262176898938,0
-5.265493782760561,-10.479590886564504,0
14.503388682001884,-3.8833068536835698,0
14.687541510200434,-3.4141117024911845,0
-9.620658298912224,-3.567702096958805,0
-8.7996407895691,-7.037798644381953,0
-9.18132791726728,-4.591819381801459,0
7.611641573601401,-11.196744281295697,0
-2.0484626121010745,6.426965765855295,0
9.846201841686135,-10.464760401351098,0
15.710313552237075,-1.2381602871349457,0
-5.102911021522564,5.593494651801973,0
15.555185579784414,0.111838599435933,0
12.650491764341059,-7.878518295397643,0
1.114248176124339,-12.62623287234011,0
15.421514677055102,-2.2096506456203278,0
-8.192570393810605,2.6123588307359165,0
14.376310600303091,-4.8044248206793085,0
12.991465712426633,-6.998310972521534,0
4.148011241701381,-12.485237977092117,0
13.003078378537827,-6.654287726128843,0
12.495220173315642,-7.861444979038027,0
14.67530273977574,-4.349982091770091,0
-3.8110980519066078,6.809847750907933,0
11.47907273374788,-8.360927902420643,0
-8.320242384298908,-7.362661792838121,0
15.212623192396224,-1.6745210140776858,0
7.6035394223387724,-11.53801447870144,0
6.405383346571273,-11.928525365497762,0
10.075351696542166,-9.850500970612098,0
11.41697708166463,-8.926978674363685,0
-1.159187995338446,-12.442440894192826,0
-0.9701246617929383,-12.041202022933634,0
-3.0653760186416337,-11.754566646154547,0
14.478651185724265,-4.627052968168519,0
-4.741485437422553,-10.428579249730586,0
-3.3886695035827357,6.217253981592439,0
7.7460644730845845,-11.428316721160503,0
-5.84759356154154,-9.900488371994902,0
2.8843799670529164,3.376309915162213,0
8.194724095593516,-11.214470908724563,0
-3.433253549122638,-11.4119108266814,0
-9.75799640265896,-3.4479256879860913,0
-9.765079058136036,-1.297453488667886,0
-8.835389839109837,1.8035577928004738,0
3.426873788290049,1.8460798276032193,0
-7.079740261152298,-9.017306108560073,0
5.014791589122649,-12.425120127507556,0
12.31085118525095,-7.8428690402926,0
8.237773885035478,-10.644777582751427,0
-7.244918307411198,-8.859860709836024,0
-1.5423192474586414,-12.125863512265575,0
-0.09181824332364881,-12.524945306066323,0
-9.44475846146244,-3.7632975917716878,0
3.5079285944337677,-12.388112850830185,0
10.220069208730548,-9.911199840258204,0
15.608957923591182,-1.403467694166025,0
-7.478196575186086,-8.866090513321447,0
-6.564854069618233,5.346049528541675,0
-7.610790401290464,3.9075772234107853,0
3.4048492263799455,-12.950481845622145,0
12.29376128891147,-7.404734638030133,0
0.7530916876427407,-12.761373983361965,0
-8.854222392893034,1.7125081430838927,0
15.87850133511243,-0.16300609585675702,0
-5.066838469929395,-10.233653559119267,0
-0.5712098211222176,6.1838927320882355,0
14.529904387241983,-3.1796323263094752,0
15.549174734417273,-2.006285087085721,0
2.3346650707793217,4.6112863215036395,0
12.408274840913673,-7.838761502767091,0
4.989004633712395,-12.183073252634701,0
3.412159563836544,3.208164070146384,0
15.309510179184393,-1.6418719605321583,0
-5.315464886186136,-9.886993745797541,0
-6.7056398732518385,-9.01717890285331,0
-4.612508855853714,-10.895260913245957,0
14.652315843791285,-4.536621681080395,0
-9.408711990782127,-4.331848911263024,0
3.577366627472077,0.9268714500792474,0
-8.003748495668948,3.5457107103045336,0
-4.492064589147629,-10.825037359995987,0
-8.603884937356556,-6.034294018954813,0
4.571732272696253,-12.457157938249031,0
8.35252764424936,-10.81733841172277,0
-9.536104374947259,-1.484234884760045,0
-10.002732852834304,-0.28607324430493225,0
-6.972782716781009,-9.039495978465759,0
6.864924856620111,-11.683184920001858,0
-2.414521479105851,6.421108185973669,0
11.634021234869227,-8.575923779039604,0
11.648048142700725,-8.58474730274856,0
11.4585096205236,-8.673880438420344,0
4.985040425599738,-12.008561425346072,0
-3.021176153273234,6.4241133627041975,0
9.870466632969247,-10.391586557393378,0
11.161322390987761,-8.754226324064089,0
-8.346560327656528,-6.212643977998597,0
-6.333977173575289,5.387989191262868,0
9.332248440561896,-10.790074874685978,0
8.538418718540571,-10.698443731190345,0
11.495248781841854,-8.809523122404924,0
-1.7155837005531842,-12.236023859062678,0
-9.28814927069497,-1.8336329346464992,0
-7.106314975878565,-8.388403642025176,0
4.753030098147568,-12.531317564004526,0
15.517580262322967,-1.458726805761833,0
14.952555689309273,-3.873357306557904,0
13.22625389394548,-6.62373158380575,0
-8.692212164551817,-6.388715249691382,0
-9.480337998194951,-1.336385100052898,0
-7.987231896322969,3.91226384608866,0
-9.113874834067465,1.966355352217243,0
-9.047751989638188,1.044577945592187,0
-8.92701062889715,2.9126680615954386,0
15.337350578575634,-1.7217778632867595,0
-3.224642832486093,6.414601023954457,0
15.086784831985184,-2.866799832065053,0
6.856532498327248,-11.804865752778289,0
12.884856408183747,-6.964725713386593,0
15.838805888741266,-0.3400505104456036,0
1.8338016465882523,-13.076994352626382,0
9.033863192868091,-9.948686095674958,0
0.6712351444296393,6.126295528636444,0
1.2396184153214875,-12.49537544475583,0
-7.723800569825766,3.776984060070048,0
-0.3480005871992836,6.2579148612115265,0
3.6598711970052604,2.6574592189779986,0
5.527453259232842,-12.355684850626709,0
0.2173218267092838,-12.6856525244571,0
15.394271314496645,-2.6180609245018776,0
13.563278242185334,-5.844245409629257,0
-6.574833575022003,-9.321849836315549,0
-9.223434980051914,-5.04290462710215,0
2.107646670915339,-12.575019695469853,0
1.5790213719779194,-12.586705495779048,0
-0.07306376497569206,-12.515735073426113,0
-9.548971354607263,-1.1163956687886802,0
10.6787994478477,-8.962110365543866,0
3.2927075749782886,-12.814503812867189,0
2.601365914897787,-12.637926709700633,0
3.2590931361970013,2.4393505254655645,0
-8.585986599370127,-6.722999749132501,0
2.4085696353210473,-12.772403555503436,0
5.698535515915085,-11.920139017735165,0
-9.515819641549207,-2.2186014389398876,0
-9.320950216146722,-4.700881697254323,0
1.9054784747464526,-12.61951659137197,0
6.338226405551942,-11.894863525778927,0
-4.075407970644758,6.509294581841532,0
-1.298849375412759,-12.359569486852067,0
-8.459218770667809,-6.884918271574331,0
-8.157182697102769,-6.5397000221728945,0
2.8378744282425172,-12.712842628919912,0
-2.975766078356056,-11.876464033508356,0
-8.62402015730692,-6.180641036595336,0
0.5963536630726154,-12.496683294783272,0
-4.882057966209817,5.790980805012941,0
-0.5376122556377595,-12.583988985595045,0
-7.811866385115816,4.039280107957307,0
-3.2704786715566585,6.47936385193487,0
9.674184791384992,-10.313834882336202,0
-8.41956894682354,-6.533747001301074,0
2.138889085044779,-12.688070953586507,0
8.852630184979864,-10.597285818284849,0
-6.700258185594144,-8.578925587506724,0
1.0705387886308144,5.896712719029007,0
14.839978525842488,-2.5675534947276666,0
15.349331446651954,-2.377479429780446,0
-9.468509722720688,0.5171762078384647,0
-4.365066830368371,6.200125574980652,0
-9.139540445047794,-5.261232005753107,0
-8.290832011829723,-7.1778794631525855,0
9.121393978020578,-10.770085425513988,0
4.5338124125954815,-12.589314730479934,0
2.2442669268205737,5.030363714074365,0
4.721782249033215,-12.006745213601668,0
10.665377759138714,-9.012838237975222,0
-9.058632547444237,-4.886669946533367,0
11.18359026987051,-8.924552463953484,0
0.7962367858926724,-12.410853773194178,0
-4.51427703201243,6.141243510481846,0
-9.005231969754362,-4.093957174638657,0
10.42925926577098,-9.546161900022428,0
-7.274570881364929,4.051882033716713,0
11.247619800104726,-8.872422734122297,0
-7.182975248057667,-8.849441689430977,0
0.3366590281958281,-12.773184267404444,0
12.947948123463247,-6.974731437368847,0
6.151636746818941,-12.347505940236793,0
-8.283131916301482,-6.384428045323143,0
11.621161610618183,-8.492446489975087,0
-5.279331558313897,-10.300686603735278,0
2.533578687489684,4.445254959838517,0
-8.81424214562489,-5.763037614952039,0
-9.336503256323185,0.638035455978599,0
-6.743464127476361,-9.2922250080095,0
-6.870315264510747,-9.371350526476958,0
7.866842666023797,-11.360130114343011,0
-3.5002906227357258,-11.688875353511962,0
-3.3837039186212907,6.197643338606676,0
2.5548532108207294,4.613842033775353,0
-2.569093556905835,-12.04904053465594,0
-1.5706327847827877,-12.398004306307676,0
3.4859454083619394,-12.557759385244873,0
-9.2339675079885,-4.614623692760299,0
-9.614326604847937,-2.0599785993349458,0
9.75932924567852,-10.265090703910024,0
10.85089219554059,-8.933978783499045,0
1.6888245801442627,5.08595580143315,0
3.5099713524516685,-12.083183550954278,0
-1.4904275101577502,6.574502387217397,0
8.254397341501685,-10.875722228984477,0
12.463829061908719,-7.712897967953416,0
-9.485627637375757,-0.24069300580162784,0
2.4113839564318225,-12.664268611471615,0
8.78217443097507,-10.798396099729084,0
2.845956641861184,2.193518183415703,0
10.065535477131231,-10.210402570645616,0
13.778369745110785,-6.2982955429478515,0
-3.7351615741070545,6.344677267545843,0
-2.674268507358697,-12.108403836696041,0
15.465960553374012,-0.30681335424707556,0
15.046979366684011,-2.8931518866224106,0
-8.60195315792214,2.049268922294427,0
-1.1267091666526947,-12.502690252254697,0
8.385021391060148,-10.980164241869579,0
8.873331171412701,-10.756391903143824,0
11.719601494707504,-7.9006523971931335,0
3.214010063369732,3.1735819431801398,0
-9.723802096632676,-3.510655742717972,0
10.92193307000114,-8.907350184992753,0
2.9306334168568235,-12.850778887530371,0
3.662690097566146,2.5537576102051878,0
-8.69465090879733,1.956734956153388,0
-0.34758609823600223,-12.54274580337405,0
-1.2679153211634855,-12.19107144390601,0
-4.306689188837701,-10.86235299508836,0
7.068238406146681,-11.625504640106296,0
13.220922562528783,-7.223205818780538,0
3.5447716184509175,-12.432461998159997,0
10.00657647066247,-9.882613685059184,0
12.713354666447088,-7.480032744629762,0
-8.435178857919622,2.2881321915241037,0
-9.705046543482528,-1.7788358861437983,0
11.1392363317449,-9.395636680028021,0
-1.594203968424734,-12.007813684108863,0
3.5514780739489717,2.239097608304947,0
13.010903984798396,-6.87773168134942,0
0.14345782800317572,-12.579354157957875,0
15.502088561274824,-1.3516566092721227,0
-4.615620303094943,6.098852291654614,0
15.457331096871403,-1.8392769811064626,0
4.021749889765794,-12.86209721871883,0
14.835229892459843,-4.328236805079104,0
14.235611927257374,-5.525921968569604,0
4.269976376472578,-12.742519925683313,0
-0.8916124759549082,6.659719696098937,0
-1.3141277588397446,6.325534096869145,0
-0.6859029113811385,-12.294046995220613,0
-8.86626514980873,1.5011915442038188,0
1.3190221012318226,-12.830465552846764,0
15.884573851150382,-0.4648347792774658,0
13.588324013676809,-5.330581588536169,0
13.33462844550837,-5.74837801861713,0
-0.4379544275644725,6.647492193104428,0
8.644861931794926,-11.013035813039576,0
-5.088674268997185,5.8615473780445235,0
4.973909477362121,-12.656054647849768,0
-5.999561647937615,-9.943509047263507,0
9.183779099288776,-10.422838554690873,0
2.7888471605199183,4.003724518559761,0
11.116241246935774,-8.769177212663214,0
15.16783725951568,-3.7606189264352974,0
15.122804031582197,-2.2969724003434,0
-0.37057310991027304,-12.46251423995831,0
-4.685448882394828,-11.092688334855769,0
3.1836245580347713,-12.529926300390741,0
13.295107506837807,-6.483949325069792,0
15.373050440241906,-2.0944876814574585,0
2.294620302549536,-12.475251298816197,0
-2.5458855109338683,6.43967894097141,0
1.5463959612086648,-12.5312648118904,0
-2.9130638561446176,6.837687510363911,0
-8.991383055426757,0.98660584644429,0
-2.2449503628953362,-12.2267833150519,0
2.81301191962299,3.9996281597414933,0
-9.517197712568633,-0.7805714665579224,0
1.0957194811041844,-12.65124910915108,0
15.614612406597077,-0.9795931966699575,0
-0.6312864993802391,-12.681287084825492,0
3.1664791976043394,-12.785030224667755,0
-4.66546249268796,-9.949244095035944,0
1.689581143397651,5.396613260663665,0
15.393928124957311,-0.32447276844803313,0
-8.652624145083156,-6.6122514845905345,0
14.861531391325775,-2.890402816201573,0
-6.309961879829372,-9.250826204913473,0
-9.365233916235647,0.04688629647061446,0
-4.382928239465856,6.115651627071793,0
11.55604789040196,-8.665312441860154,0
-2.441216128254076,6.499883710401423,0
2.979704889835762,-12.81131487407446,0
-9.205454217351383,0.4997078743223791,0
10.990546545620909,-9.36197535517665,0
-9.630629662893824,-2.4537972276978732,0
1.0842916282061954,-13.022373186480731,0
-0.2842295711408448,-12.303454151341295,0
6.50947155691768,-12.043065551060323,0
5.732812733955307,-12.295505439732786,0
-9.054956761956005,0.44850865703678394,0
-9.386159450694615,-2.842353150168078,0
-8.198089057796274,-7.580338892531185,0
-9.34726545450905,-2.62560146859882,0
3.7797060050870694,-12.384718845075847,0
-5.130132939475184,-10.395082501899132,0
15.912130358834176,-0.9410755239408951,0
-3.860991441527978,-11.402105726163695,0
-9.400256813336608,-3.8335969969489945,0
-6.55945007254022,-9.312249396416744,0
-0.10158691309153156,-12.847760164300448,0
-0.5773990389491903,6.386714281670848,0
1.910352839966511,-12.609279677451504,0
2.440100151211446,-12.388075061925642,0
-9.383551959755629,-1.073301272308385,0
1.7206110347923347,5.243259830991267,0
-2.2505765743390045,-12.02626022471805,0
-4.994526990525196,-10.585366471085603,0
-4.321537963802444,6.372596069919296,0
-8.619268710477167,-5.855986373308606,0
-8.789827368020962,-6.375801527236894,0
15.611326181517954,-2.767042662306253,0
0.8273395780157436,-12.632757860674444,0
-8.997625884593592,1.5369310010807955,0
-8.987424778857635,-4.509572854165854,0
-4.082049641991663,-10.790477919032678,0
4.4825409549543895,-12.924059866933534,0
11.893981848768059,-8.262184971060337,0
-1.0567215470045705,-12.254826480871262,0
4.054883079953658,-12.730589893848931,0
-9.755707780813868,-1.7551655423442398,0
-1.8943200854673417,-12.21807719352535,0
1.811410017867068,5.4659097060813036,0
-8.832260171485498,-5.908457500660768,0
-9.396995252477778,-4.800859673585307,0
-8.792940390665041,2.1510113108700395,0
15.597582017470115,-1.2065296469983395,0
1.8431907832398813,-13.103477248971732,0
11.516917769500575,-8.470689861356139,0
6.837411519860228,-11.833717484753029,0
-9.424787127115755,-2.586258520527444,0
-4.039677282909142,-11.090426176476337,0
0.36220911747812184,6.097092288838892,0
15.707327209752941,-0.16706152241755068,0
-9.171376832046716,-0.45620097438155055,0
8.671826006052463,-10.824178312833478,0
8.322733812287662,-11.165708365043193,0
10.703132163087275,-9.74214728421345,0
14.567138129071772,-4.323555919201575,0
-9.734214949927338,-1.6675344021137521,0
0.3211477567607401,-12.627367187874203,0
-4.271891384642428,5.909206759683503,0
14.549732871194056,-3.442242970776716,0
11.045219357188424,-9.367141539098046,0
1.4051215327634694,-12.949505953191615,0
-9.909144828269945,-0.984910045260833,0
-2.3925757547321544,6.504873183251099,0
15.475904848896066,-0.45224101098189984,0
-9.262146601456617,-4.599790970990065,0
6.183377593300019,-12.227144613594358,0
15.263589138348477,-1.9352787209448599,0
3.374280833989693,3.038810228355967,0
-4.77361467839791,5.857408503306102,0
3.342508587031595,2.7506287106640697,0
-3.8439035187082817,6.109868375497404,0
-1.227513241530642,6.013890228821456,0
-2.980758364499351,6.551843181230898,0
-8.514132013091924,2.791253516664268,0
1.474011635065769,-12.702351672050867,0
-5.282356934045344,-10.26479863374353,0
13.70829517308065,-4.7569397031027,0
11.510741959499933,-8.649250129607868,0
11.056264675281295,-9.037487096159154,0
14.32792506367435,-5.271959746968377,0
9.982631396068024,-9.784530628508605,0
-3.1529649714166954,6.378358898934624,0
-7.11564653016753,-7.820036945023191,0
-5.440536828673502,5.453266228293645,0
-6.282313497826216,-9.247011774754803,0
14.908176197629126,-2.9734391599776147,0
-8.73180764145302,-5.990434304063214,0
10.492828585353362,-9.484292105493756,0
5.034199905769085,-12.505454647187223,0
4.706178170440598,-12.48100769160964,0
14.421910569128244,-2.877639711154413,0
2.4516283615927352,-12.244866244554094,0
13.518763411356023,-5.855002936844085,0
-2.430933745330174,6.525445131895567,0
11.484004570186181,-8.637454034823397,0
-0.7833866977400419,-12.65370538939493,0
2.642966589706886,-12.697636920465941,0
-3.6501768331839326,-11.30628867137429,0
8.642838853787564,-10.64562869957915,0
15.784223210999363,-0.9061733923297155,0
15.011345435189385,-3.3052643986482115,0
12.891750173164336,-7.374318790426313,0
-8.744378995600455,1.9251317171526692,0
-9.5893311277673,-2.7384729299000647,0
-3.3682153387373504,-11.441522492830696,0
2.003510063891441,5.18378887579391,0
5.9429861486186715,-12.04405664054031,0
8.362698146582217,-11.15908531418005,0
-9.013575278189029,-5.1898027855427085,0
0.7867519400812518,-12.494197329330099,0
14.958506338710702,-3.00209879020402,0
12.847743323049572,-7.418976072824917,0
4.958858172642078,-12.824238148433373,0
-5.67325655079684,-9.629976501772811,0
3.1780800945140864,3.417517395449385,0
10.939179716864963,-9.546240658519801,0
-1.9485240744125578,6.561127139992184,0
-2.160542267812842,-11.89172499387215,0
-7.738291658359221,-8.152181032428576,0
13.402669472875024,-6.183505506209015,0
-7.104854979946894,-8.62926631870523,0
-6.863385593951069,-8.813347035872285,0
-6.0794124889685355,-9.52273807074407,0
2.026541693391966,5.547278301311032,0
6.032019732001479,-11.886048441405947,0
-9.61491565313836,0.08166847764887843,0
-8.335271899117316,3.4715984450573596,0
-0.7830446684446417,6.479392497681221,0
-5.2935958955757885,5.751415180216491,0
9.732758238296086,-10.095761106348878,0
3.0345151526860152,4.213086207542754,0
9.857267248003287,-10.38138512200861,0
14.990266599047514,-3.8036888329493803,0
15.55055354875726,-1.6865090308563908,0
15.687288249541922,-1.3694288475930159,0
15.706727931336216,-0.2912060802431553,0
-3.271961954678368,-11.50456193542856,0
15.110236687091978,-2.86115008133588,0
3.228029248189717,0.6803795830088112,0
0.4106348362389639,5.953174668553127,0
7.904711661004101,-11.375916817497913,0
-9.38712918321376,-4.809411477275768,0
-3.1870807795531304,-10.946807400419724,0
-4.413314878484481,-10.95929213531473,0
-1.5958709855623423,6.596432362215419,0
-9.108757981302032,0.9566354019096505,0
0.8453643669630466,-12.6804173086765,0
2.202753398523533,5.227936735471065,0
15.439862122076885,-2.46485479671167,0
-2.866244290412872,6.55120140408565,0
15.22403180093448,-0.7447963951684051,0
-0.8637356695009555,12.50978223236574,1
4.530909013458124,-6.13938901431493,1
6.258211570382144,-5.345340009045475,1
1.7043035584707913,12.53867575368845,1
-15.466700748125357,0.936210185475561,1
5.945785011386097,-5.139482104138945,1
-14.68110306603003,3.7771661079401646,1
-13.999370822759893,4.854269902010085,1
4.223353786257218,-6.319350139011322,1
3.20280975164047,-6.609517510633252,1
9.761602862856352,0.9044762154109675,1
-2.6666906154205705,12.86559251378284,1
-11.020168441241411,9.036317129131191,1
6.4493765315157185,9.201831563877759,1
2.2915260627001195,12.024822610912329,1
7.71475305474274,-4.049165241767226,1
-0.7900922873525723,12.623271108274587,1
-12.099563375657588,8.609735100129802,1
-3.7589039474934953,-3.15817444635225,1
-4.79850679686396,12.454719327892862,1
-1.746463568346322,12.513399129734278,1
-12.08393209009632,8.124023418353579,1
9.281403112665272,-0.7539044978851546,1
6.56025871099548,9.330159647574,1
-0.4280785481632554,-5.7834545447963155,1
-5.286388489402233,12.573490600402513,1
2.8522426506814327,11.881631018955066,1
-7.835617835479265,11.05533672676946,1
9.23687139386654,4.80737606125277,1
4.89349515583288,-6.177917202585542,1
-0.36075662023713145,12.692286089959502,1
9.511748166300212,1.2960885826521666,1
-15.555662108390976,0.21611678125494183,1
-9.990849573113188,9.85532638025498,1
-3.4841752755399544,-3.7122128874910856,1
9.767455629986722,2.9521136621090567,1
8.63528104189762,-1.4030057548653554,1
4.303262569962548,11.142275231640927,1
-12.120145334233616,8.376259797841184,1
-14.092621003358547,4.5978768186454255,1
-14.624078463453348,3.2563065492757888,1
2.451237864915336,12.00617754406328,1
9.606121174353518,2.6385798917494436,1
-0.9696655153391401,12.586987281534713,1
-15.598462538228176,1.7275676895548115,1
7.956754491371132,7.832274860327587,1
5.1268899751119115,10.207938203563254,1
-14.68607852340742,3.923559598265797,1
-14.514425080663335,3.714812100411741,1
9.681431411842755,3.3423932461737036,1
8.302549713761646,7.198742462724666,1
9.4297815008712,5.287602496150397,1
-7.6270651307448425,11.670833043514902,1
1.8580827536354034,-6.305383585308532,1
-9.539042385513342,10.171357671252053,1
-15.601713147877238,0.8170937115143655,1
5.591091758009238,-5.63618357652506,1
-15.44219142519956,0.087444710988844,1
-12.52772414634339,7.742195619628419,1
-1.3445007327236886,12.68193900611253,1
-15.175930120538746,2.265918371106859,1
8.039268343048695,-2.7454117274848238,1
-14.118239481127572,5.007073084500969,1
-13.062667281629302,6.969252060062906,1
-4.451170557880493,12.424429375354174,1
-13.654468394464754,6.382705566277242,1
-12.242798100253129,7.052862633816082,1
-14.475421650569144,4.300807174884134,1
3.766460213274534,-6.303084322312426,1
-11.793453645448134,8.215580563184487,1
8.188820109428342,7.360626181907268,1
-15.395179142846285,1.9593054706716857,1
-7.388033656806151,11.408393813100759,1
-6.485410251394152,11.911240338347412,1
-10.29261517018192,9.58638067958773,1
-10.834205010103931,8.821453112664727,1
1.661198312459604,12.048599232822534,1
0.7561705180934299,12.484805172214006,1
2.6060296384340584,11.743882370198797,1
-14.085691130984314,4.28383500948896,1
4.918887385321191,10.963899948446791,1
3.507471559018257,-6.640588275252901,1
-7.315374905435923,11.486755471436496,1
5.849478562505793,10.370990078630406,1
-3.3078963252965563,-3.3383496679998763,1
-7.864675884560954,11.108102576552888,1
3.3377392126379606,11.578427897107836,1
9.893080073710948,3.361599071677893,1
9.789313437747907,1.4558403085421352,1
8.998961061755212,-2.05287338389271,1
-3.4781225476122124,-1.7693025837988376,1
7.244819532101126,9.132666728398192,1
-5.125858444920415,12.407100628086667,1
-12.063701763840111,7.620793013836155,1
-8.687628666223938,10.943034025695619,1
7.206489033478487,8.724756964967764,1
1.4474652285152068,12.08662230988003,1
-0.09920373691133198,12.386164479770658,1
9.22173389560606,3.185896632771108,1
-4.248740978128716,12.130062172589188,1
-10.035550625979692,10.116489809296578,1
-15.66284981611096,1.6042315300668066,1
6.7822349359094725,8.313895972118575,1
5.932302671914559,-5.485317642079971,1
7.5521291860507205,-3.803160856827864,1
-3.4472118129883556,12.472410666193053,1
-12.504823878726093,7.7713678597234335,1
-0.5679922910076972,12.988907449858829,1
8.824780191204484,-1.3918153093530863,1
-15.438407827601289,0.5290565333338879,1
5.641565096963972,10.329389409323358,1
0.6977855601842041,-6.671097932037744,1
-14.702285845729048,3.6820457015322363,1
-15.085090529369365,2.590090861386646,1
-2.999188614384082,-4.26381989580048,1
-12.164046527814428,7.974805030296871,1
-5.707666926868113,12.480400183334732,1
-3.6482625666200557,-2.806166927498152,1
-15.545490262464636,1.0889423860769383,1
5.408507578672019,10.20543952583914,1
6.38261886904576,9.008563307248272,1
4.929032567592959,10.513880349432343,1
-14.99626215563236,4.267874436428576,1
9.358844297639024,4.654541671974507,1
-3.7861751373630868,-1.1282499329526683,1
7.6610331218450956,-3.607238796581531,1
4.353336329012701,10.6064260800745,1
8.967930531931863,5.472674596140803,1
-4.473231489168157,12.484650864686355,1
-8.741153646676485,11.202930543992233,1
9.370376196498356,1.2030824033256762,1
9.546257046501418,0.464614562681296,1
6.630667443893456,8.962691150539598,1
-6.527261155741079,11.603974942862592,1
2.7569014074853295,-6.597200655317851,1
-11.809944981702186,8.302004377823167,1
-11.475937815352367,8.421028303421005,1
-11.565619577694475,8.111188366032238,1
-4.5929805896552605,12.51356708923949,1
3.12013824118532,-6.697094523611154,1
-9.622898535097091,10.410785192182464,1
-11.545383684219543,9.21357169072673,1
8.568618787456199,6.358003064638714,1
6.429199135942387,-4.97607709679137,1
-9.074346517039775,10.726004451046862,1
-8.683501850820887,11.042839557041642,1
-11.02891049300158,9.086543248339403,1
1.6822801265088023,12.569128234182195,1
9.620585704272296,1.6088807992970784,1
7.0754032326013885,8.518660336173374,1
-4.9519911560664704,12.664856344574188,1
-15.2399208941234,1.1884377916526763,1
-15.014126776810608,3.887402918304343,1
-13.463124306574283,6.500100787042192,1
8.764732783091866,6.395820964841076,1
9.553685401528108,1.0646790142315283,1
7.596833992945153,-3.9395628337644975,1
8.735532916507529,-1.6133807774087963,1
9.15657397130641,-1.2388979586918918,1
8.653875354380075,-2.5799487248959125,1
-15.745024140352575,1.0176848854090133,1
2.98603496688357,-6.46736296412536,1
-15.486470895699258,2.9066573570485303,1
-6.803079661865664,11.475917186156112,1
-13.440790631432225,6.912757189289117,1
-15.706129144347253,0.23792502543888097,1
-1.99706933784286,12.514105493917501,1
-9.158839911332942,10.269843920788423,1
-0.6769655365636665,-6.539629446531664,1
-0.8133041726293806,12.300058893202744,1
7.473052730591859,-3.6888336455487987,1
0.2583102164288962,-6.332986805038707,1
-3.511343960452346,-2.9762117905470156,1
-5.617773118796764,12.44921031209623,1
-0.7684430738324378,12.574379437943243,1
-15.11641380269457,2.387234741720356,1
-13.81590060995235,6.0862518379514565,1
6.387787144510711,9.593941920864438,1
9.225002637876075,5.116813018765182,1
-1.911740736665898,12.600215418397264,1
-1.5395704951547435,12.688381492789965,1
0.023827904473874895,12.416434147512826,1
9.47678278114705,1.1323032160219277,1
-10.776864023808795,9.148754204330817,1
-3.7895347291760655,12.727208160267162,1
-2.5856963534321395,12.59240856502115,1
-3.800915994799738,-1.914576068307814,1
8.472285569528909,6.7192613637393865,1
-2.3638068307702564,12.466587951553509,1
-5.927959865739427,12.051146739191708,1
9.604001743330544,2.168623693001091,1
9.222634368072981,4.574340970071881,1
-2.1252992774519495,12.994674054068943,1
-5.790013075170001,12.076959734933153,1
4.263150036155005,-6.006677830195198,1
1.6307092145656814,11.94313239907522,1
8.783772657141496,6.711242252489656,1
8.516167531004879,6.533329785481419,1
-2.9687962436935424,12.406057875056742,1
2.8784043067276253,11.655128295339074,1
8.932000147474039,6.328963171460468,1
-0.5408286131498901,12.763676625537391,1
5.041546898211336,-6.083414086240921,1
0.77916613533953,12.14633815416263,1
7.564354084606033,-3.7642934606429326,1
3.7299288962301587,-6.646336719800774,1
-9.658031529486092,9.993732706205606,1
8.367076154350112,6.498803176402801,1
-1.967646692078455,12.57223542116495,1
-8.643884404861668,10.702858814637,1
7.1842235050436045,8.636451204523693,1
-1.3542544585124454,-5.526088377300866,1
-15.131618667017495,2.6050809177676593,1
-15.104908807552661,2.5372769831999893,1
9.2812193365257,-0.224854848380157,1
4.824984408819688,-6.350861421729807,1
8.810606454067507,5.093231659982279,1
8.289021762694992,6.90051691598065,1
-8.853365470193127,10.50175653484648,1
-4.930641673845555,12.795144839792851,1
-2.1565040026387576,-4.862975952316027,1
-4.695015203268914,12.647035106604584,1
-10.999057692019042,9.216771435962025,1
9.186575491599571,4.947199531805175,1
-10.75160608385265,9.207714507322123,1
-0.6196664014322494,12.877765846270128,1
4.410693426317993,-6.439862228486864,1
9.2811895024315,3.7513938831383524,1
-10.96335429448417,9.592953434349267,1
7.1392573584877015,-4.129633181414406,1
-11.202800837188388,8.904185563556785,1
7.201309194978054,8.712793646417472,1
-0.505670214455517,12.813386059345254,1
-12.901737465946566,6.697129180169696,1
-6.064194404006361,11.982392297335611,1
8.598059351761275,6.396026661585726,1
-11.458158403249046,8.477688400620767,1
5.370024276513852,10.246658499093192,1
-2.857888647457388,-4.218928525201968,1
8.972718700986107,5.730821502000456,1
9.398286586679248,0.518096090409925,1
6.965985025433542,9.115019944335211,1
6.9556890835149,9.178152007667505,1
-7.709344790244404,10.93773135156291,1
3.3113002369461046,11.532716336954858,1
3.2404834748666915,-6.369391927423656,1
-1.8096109082335292,-5.217421862105498,1
2.66051202468338,12.153185417299293,1
1.4545844054061672,12.204382567819716,1
-3.679344888384853,12.602351279205035,1
9.216458806044788,4.5241401371767145,1
9.634321400198473,1.916333070433036,1
-9.275740689629083,10.439057996019294,1
-11.309370565209933,8.84520727666068,1
-1.7327184827221047,-5.02546758429566,1
-3.506709674025168,12.473047408192974,1
1.513944767229657,-6.408106326048808,1
-8.485381452347003,11.093944048486586,1
-12.30738424239609,7.60630778281768,1
9.391213341616222,0.48631339877026647,1
-2.289272025578816,13.01638336462968,1
-8.860881870427079,10.460075410383675,1
-3.1633005225629405,-2.8502916835630967,1
-9.871033544791539,9.819771982541694,1
-13.701167752410393,6.243463665221704,1
3.983718511464309,-6.382310882034164,1
2.5321734218993472,11.542913480517651,1
-16.054281126340495,0.11242575653204419,1
-15.353605460298386,2.669676124139727,1
8.575877472689944,-2.0876891376555156,1
0.780093380695739,12.051695365123932,1
-8.28726687871819,11.110054539446294,1
-8.860383879626692,10.891804021715037,1
-11.818382693236082,8.45231041639109,1
-2.9632408832831074,-3.1802074049559756,1
9.79227938495754,3.3478179263538737,1
-10.840105695566471,9.226506862208531,1
-3.0423874740886574,12.668564649986642,1
-3.6864718448601246,-2.524016064393287,1
8.68056344954125,-1.9742662416292647,1
0.6243278579784388,12.389332172216973,1
1.06481582635866,12.14184770949448,1
4.37238163063348,10.95979646389078,1
-6.962577148334445,11.88475605208098,1
-12.765044933369952,6.970161831543598,1
-3.528551297261563,12.737494404645886,1
-9.680831066929024,9.873043197598372,1
-12.744037174669653,7.598066463462216,1
8.830919799160085,-2.3140234346875923,1
9.755093707667875,1.6524276104189428,1
-11.048637823000355,9.491861057399275,1
1.6076411373440243,11.864714976031497,1
-3.2834760446816733,-1.8425226912751476,1
-12.9253788962567,6.750694947880765,1
-0.44364873660291837,12.380339957242873,1
-15.214390192130587,1.7766945042395998,1
4.462256032381635,-6.417538726512584,1
-15.105092107990174,2.0557714113571124,1
-4.3454645588921,12.544098909790003,1
-14.701944061191163,4.602260150113468,1
-13.983380567024513,5.809794610392513,1
-4.457536061868401,12.688161162181448,1
1.1583586629874019,-6.4245640910962205,1
1.1728129473516646,-7.195662705318716,1
0.5369268111324083,12.762014640791467,1
8.920032837134146,-1.2910502350496853,1
-1.157802386760768,12.739612894569696,1
-15.99517624258822,-0.2255962185100205,1
-13.869679265704315,5.3303919547414065,1
-13.739553792834629,5.955503607540133,1
0.15989350280365722,-6.55416056370134,1
-8.466923382018214,11.078398545738214,1
5.039698443144339,-6.225974725083727,1
-4.890516367256157,12.402220978598711,1
5.9320237269120595,9.702702959244661,1
-8.909911512472092,10.559292028529162,1
-3.017039995495938,-3.6647884075040427,1
-11.050500864550864,9.20788762892418,1
-15.070897283315805,3.2826401955250697,1
-15.294574588003735,2.659446879507255,1
1.0686344894237678,12.770750659465957,1
4.079372201242895,10.773126038833215,1
-3.060321888048989,12.601945173756086,1
-13.111130355889504,6.135520406258143,1
-15.483945319313946,2.309121634755397,1
-2.558683878236944,12.815824724144985,1
2.5629580353051353,-6.5769610202410504,1
-1.4015046011781758,12.850298047804788,1
3.227479983189508,-6.866951933089315,1
9.140238615692198,-1.448206591375308,1
1.8239291765497465,11.937623056679382,1
-2.5501724154695067,-4.239349431900996,1
9.575162895695122,0.8331186658122587,1
-1.411796981225171,12.820269827558239,1
-15.395962420768528,0.6354236224665257,1
0.9954345040833065,12.182211987332861,1
-3.3375945553870507,12.534270426378649,1
5.125037446420265,10.274862387206973,1
-1.524794484806097,-5.685416054151711,1
-15.657868383910586,0.3749318954036836,1
8.361852427541674,6.236460276462426,1
-15.171503530171169,3.0370025399647735,1
6.2801230610275205,8.934369282740148,1
9.46886614420975,0.24121560473201506,1
4.645029659430149,-5.791593671328034,1
-11.353209354711915,9.070287971504294,1
2.6188417181993295,-6.479421170750143,1
-3.079182327956336,12.463810239818823,1
9.411024931529798,-0.5017748176776333,1
-10.952796682300697,9.419578504321244,1
9.6546918251031,2.48303759365447,1
-1.2763067569639497,12.62046491916883,1
0.5096420000698908,12.597040901504284,1
-6.01844608100258,12.11997332886849,1
-5.7920325713663905,11.873879800587467,1
9.137461046742255,-1.1824595071627235,1
9.494384302112682,2.62066033117134,1
7.945429465417114,7.482439754910499,1
9.541299758556882,2.3559343070658736,1
-3.7080688103659005,12.590838004408859,1
4.941070057026235,10.203927996978724,1
-15.379724351805091,0.8079827733453443,1
3.2674755222997365,11.661794562910378,1
9.16110413845495,4.197854560282236,1
6.798421804881864,8.882256991973607,1
-0.3233616828768852,12.870320293591304,1
0.32670694082871987,-6.3738921395777375,1
-2.175360322632558,12.633978459367182,1
-2.5477253537315985,13.002033252465667,1
10.195841376800026,1.029512051467063,1
-1.9722016026430584,-5.313219130423267,1
2.347515120568558,11.83643928664956,1
4.901071556395696,10.8062346902654,1
4.214394133579646,-6.257601433681988,1
8.641850271991336,6.028839562969366,1
8.294839964016635,6.150485713655078,1
-15.000887446660645,2.5065786253585065,1
-0.8656944144482781,12.716666237691777,1
9.207634515124058,-1.2852348117768884,1
8.873313186624774,4.6047746186969505,1
4.3711344448629905,11.106105481960446,1
-4.529146663012705,12.629862244519849,1
-12.172558822733725,8.365375444299676,1
1.1591198378570904,12.26199079967597,1
-3.8073563474783585,12.236967985658582,1
9.638582651257817,1.8737557483715526,1
2.0917830450806654,12.031488421375347,1
-2.0123613650276075,-5.134643039793872,1
8.704166361354376,5.559191610194634,1
9.324111664826166,4.594173517511054,1
9.059348102319323,-1.9676465290946148,1
-15.46147563544487,1.1350121657237093,1
-2.2450186763655653,12.497615812010723,1
-11.483637824028401,8.898131983689115,1
-6.5989018201813225,11.719027007654566,1
9.601976427884212,3.029380673607479,1
3.9097621664800606,11.2646885306764,1
-0.6967251173529547,-5.783095051895163,1
-15.69464182674522,0.44661960956772034,1
9.30729281952071,0.7258483122171104,1
-8.71409548738568,10.845971980129264,1
-7.852032927622808,10.95537350475615,1
-10.270078539116875,9.5625855743288,1
-14.787458169631625,4.805025856071371,1
9.961185655216122,1.840941722227013,1
-0.5110935046694416,12.670259505324701,1
3.925030118169418,-6.10532513108034,1
-14.94419432683455,2.990431119315931,1
-11.08013683647366,9.208364509116118,1
-1.648159243238109,12.779728007372796,1
9.401245131151448,1.592671942368713,1
2.3834568189206085,-6.39141385580186,1
-15.402158119800172,0.3585064387724318,1
9.121597625020232,3.9924770477576006,1
-5.959050433461322,12.325441932599464,1
-15.324064048376925,2.3830552338334563,1
-3.6096641377368024,-3.139882571228566,1
4.948464175077219,-5.8232945871555195,1
-3.1264618613257076,-2.9930558875697706,1
3.859482861656158,-6.400683174483846,1
1.3281107776306753,-6.509230145024634,1
3.297144420642668,-6.581706685995025,1
8.340842535561526,-2.324657086334895,1
-1.2757725796123123,12.587416677906406,1
5.764826357064642,10.221618503479814,1
-14.359317763998474,5.2082654646999815,1
-11.3728872249614,8.440529490157179,1
-11.041142791830985,8.702483758687396,1
-14.59944675564941,5.343923268084859,1
-10.014215231988393,9.844763197891869,1
3.7891904204653812,-6.45761065884045,1
7.379943878779287,8.37718342243862,1
5.423203504817662,-5.392501594135156,1
6.291179186809094,9.251327176373817,1
-14.915130491270089,2.7299475352325295,1
8.539921085746833,6.139337580660414,1
-10.318184596643013,9.980856110460103,1
-5.108937128334892,12.492323881732533,1
-4.456830315535183,12.262509921733033,1
-14.982520736219017,2.8773904089382247,1
-2.336164032164421,12.543348455597142,1
-13.901158205749635,5.808234938399427,1
2.6273974803913207,-6.769506554990858,1
-11.701816490486939,8.784351262274331,1
0.6677907400698848,12.715227859100684,1
-2.3809601446040283,12.654214148584886,1
4.139821679734081,11.476921188382592,1
-8.882332249458079,10.684050739223563,1
-16.113978473353086,0.7699694723814742,1
-14.834346014006972,2.842760980270599,1
-13.08725943955308,7.04963418570561,1
9.01126820836096,-1.7440877275880555,1
9.41778330342004,2.667765754025802,1
3.5695158164336607,11.646579511353222,1
-1.634870835108162,-5.566670673879813,1
-6.27827716276761,11.804574357643263,1
-8.19652296275665,11.54378882649315,1
8.72031088297376,5.267158588079799,1
-0.2793478216918073,12.824741279334974,1
-14.822201523379375,2.9241654404152895,1
-12.947759141960004,7.291221334759706,1
-4.875898987540075,12.501637840869114,1
5.509222569655469,9.955155574250739,1
-3.716708107676367,-3.6006190876695796,1
-10.764321186004752,9.561201309682207,1
1.9634839042718848,-6.49731056666387,1
2.399895721395583,12.291684186013795,1
7.576596892274681,8.02945851308025,1
-13.503627545713528,6.40863420139451,1
7.413993658819425,8.469985113652076,1
7.047691275381758,9.33642381463226,1
5.882530824107996,10.012806318088916,1
-1.5442748368811015,-5.518151013139849,1
-6.029266009170998,12.00507477711116,1
9.41771698690605,-0.2821312126621004,1
7.9946921425213855,-3.2089616996237367,1
0.49998043018637717,-6.369813987517219,1
5.092918356278336,-5.967285133451457,1
-9.935414303272909,9.942904629229544,1
-2.683604091050872,-4.316541715057077,1
-9.776725828996419,10.337548969184471,1
-14.724870380392584,3.6605155000622664,1
-15.47386472097842,1.954422848429135,1
-15.321738201249678,1.4260083318382752,1
-15.532038234270109,0.4874230395882484,1
3.1894245848415532,11.503587597466161,1
-14.44114371644364,3.154150564180004,1
-3.262311991525844,-0.6337935810826423,1
-0.5494781852973389,-6.32380153245603,1
-7.906192398710824,11.198115455084569,1
9.252802693981984,4.92820187102086,1
3.426568967512994,11.151696857748291,1
4.887023268336942,10.775622403379053,1
1.8969060943941904,-6.776964955045606,1
9.378019206624117,-1.1704418559748286,1
-1.6892689280948474,12.938561795769775,1
-2.1786756397874,-4.888533404140986,1
-14.955039055416568,2.59586689696305,1
2.7496683860719546,-6.852482054954653,1
-15.546446897847968,0.7483883493601995,1
